"user_id","status_id","created_at","text","screen_name","location","lng","lat","state"
"x25631877","x1103354224354750464","2019-03-06 17:58:41","OMG...sitting here in a cube at the office and hearing people talk about being sick and all the sick people. Some with stomach flu. Others with influenza A, B, and both. <f0><U+009F><U+00A4><U+00A2> THIS is why I work from home!!!","IowaGrammarGirl","Iowa","-93.097702","41.8780025","iowa"
"x25631877","x1103468756213350400","2019-03-07 01:33:47","@michelleb80 One of my coworkers has influenza a and b at the same time. I didn’t even know that was possible!","IowaGrammarGirl","Iowa","-93.097702","41.8780025","iowa"
"x25596174","x1103461588093161472","2019-03-07 01:05:18","Countywide influenza cases hit a season high last week, and three more residents died due to flu complications, county health officials announced today.
https://t.co/7KiQG88KAu","KUSINews","San Diego, CA","-117.1610838","32.715738","california"
"x25596174","x1100977441583947776","2019-02-28 04:34:11","Health officials today reported seven more deaths in San Diego County due to influenza complications last week, bringing this flu season's death toll to 42.
Details: https://t.co/jgMvNVfg26 https://t.co/9jJ4fBwkuy","KUSINews","San Diego, CA","-117.1610838","32.715738","california"
"x3125619460","x1103460436391936002","2019-03-07 01:00:43","Autumn coughed on me Monday and here I am sick as crap with influenza and can barely get out of bed, best sister award goes to her.. sike","Aubree22_","Ohio","-82.907123","40.4172871","ohio"
"x426909329","x1101148557678202880","2019-02-28 15:54:09","I recently met with Colombia’s National Institute of Health leaders, Drs. Martha Ospina and Franklyn Prieto to formalize expanded collaborations between CDC and @INSColombia to more efficiently tackle issues of health security and threats like Zika, measles, malaria, &amp; influenza. https://t.co/KkVKfQJGUr","CDCDirector","Atlanta, GA","-84.3879824","33.7489954","georgia"
"x426909329","x1103421166348394502","2019-03-06 22:24:41","Vaccinations save lives, protect our children, and are one of our greatest public health achievements. We should fear #measles, #influenza, #HPV, and #hepatitis A, not their vaccines. #VaccinesWork","CDCDirector","Atlanta, GA","-84.3879824","33.7489954","georgia"
"x9616062","x1103453308130287616","2019-03-07 00:32:24","Countywide influenza cases hit a season high last week, and three more people died due to flu complications. https://t.co/hOTxh8G6Pm","10News","San Diego, CA","-117.1610838","32.715738","california"
"x39324801","x1103449354050912256","2019-03-07 00:16:41","My world has become a tangled mess of cord for the heating pad and electric blanket, and so many tissues. #influenza @ Des Moines, Iowa https://t.co/I4FbFZTSNS","lindseyrey","Des Moines, IA","-93.6209","41.5909","iowa"
"x546060267","x1103448595896954880","2019-03-07 00:13:41","idk about y'all, but this R. Kelly stuff is consuming my life right now while i lay in bed all day with likely influenza","Courtney_Faller","Lincoln, NE","-96.7025955","40.813616","nebraska"
"x277704149","x1102652583624232963","2019-03-04 19:30:36","Me to hubs: I'm so sorry we can't go to Puerto Rico this weekend for our anniversary. (On account of me currently dying from influenza.)
Him: that's OK, as long as we're together, right? 
Me: nope, I wanted to be in Puerto Rico. I'm cold. 
#louandmeladventures","kidsconsultant","Iowa","-93.097702","41.8780025","iowa"
"x277704149","x1102715079601078272","2019-03-04 23:38:57","Living this truth this week as influenza has cancelled our extended weekend in Puerto Rico. So frustrating when something you've been looking forward to (it's our 1 year anniversary on… https://t.co/g3xuEYHSO6","kidsconsultant","Iowa","-93.097702","41.8780025","iowa"
"x277704149","x1103447325786234880","2019-03-07 00:08:38","Mel, how long have you had the flu? 
 #influenza2019 #melprobs https://t.co/mB9rBcyUK4","kidsconsultant","Iowa","-93.097702","41.8780025","iowa"
"x771736105","x1103446393727926277","2019-03-07 00:04:55","The 15 pediatric deaths reported during week 8 bring the total this season to 56. Eight were linked to an influenza A(H1N1)pdm09 virus and occurred during weeks 5, 6, 7, and 8. One... https://t.co/XsLmgnZESp","NursesWhoVax","New York","-74.0059728","40.7127753","new york"
"x1028420753396359168","x1103445732470616064","2019-03-07 00:02:18","@Wethepeoplehope (2) Watch for worsening symptoms after improvement; may indicate a secondary post-influenza infection definitely prompting followup with care provider. If not vaccinated w/flu vaccine consider under supervision of provider w premeds. Hope this helps","ReasonablePers8","Oak Park, CA","-118.7628685","34.1791715","california"
"x538456752","x1101234690340634624","2019-02-28 21:36:24",".@CDCgov’s #FluView shows us seasonal influenza activity reached a new high for 2018 – 2019 season. 41 children have already died of flu this year. It’s not too late to protect yourself and others with the #fluvaccine. https://t.co/WFmcGPpbJD","HHS_ASH","Washington, DC","-77.0368707","38.9071923","washington"
"x332415002","x1102241077065588736","2019-03-03 16:15:26","Research that could make influenza more pathogenic was halted in 2014 following fears of pandemics. But new studies have been approved, reports @NYTimes https://t.co/VesLCZsyI2","michelelate","Washington, DC","-77.0368707","38.9071923","washington"
"x1792571","x1103429269097603072","2019-03-06 22:56:53","Our free trial of Hulu Plus Live TV is providing @SchittsCreekPop for my influenza’d ass today.","heydusti","Crow & Eastern Shoshone Land","-104.7870919","41.1352835","wyoming"
"x6510542","x1103428219632529414","2019-03-06 22:52:42","Surge of panic attacks. 
Seizure.
Two visits to the ER.
Now I've got influenza A, another infection, aaaaaaaaaaand still panic attacking. https://t.co/hfnSjevoAG","SallyGirl","California","-119.4179324","36.778261","california"
"x15824545","x1101226840469966848","2019-02-28 21:05:13","Antiviral agents compared for #influenza treatment https://t.co/pTscbPvYfK","eMPR","New York","-74.0059728","40.7127753","new york"
"x314915522","x1103424720496746498","2019-03-06 22:38:48","my class was canceled and all i have to thank is the common viral infection that we all know as the flu so thank you influenza u rock <U+270A><f0><U+009F><U+008F><U+00BC><f0><U+009F><U+0098><U+008C>","niallexplicit","austin, tx","-97.7430608","30.267153","texas"
"x14592723","x1103423183938641921","2019-03-06 22:32:42","#MayoClinicMinute: Thinking of skipping a #FluShot this year? The researcher who leads the effort to find an effective #vaccine for the influenza virus strongly urges you to reconsider. https://t.co/86g1MiMB39 https://t.co/fYrz8FIuqQ","MayoClinic","Minnesota, Florida, Arizona","-96.3864428","44.7656804","minnesota"
"x325571304","x1101754145755852801","2019-03-02 08:00:32","Another influenza strain identified by AHS https://t.co/WC4ineH19x","EINH1N1News","Washington, D.C.","-77.0368707","38.9071923","washington"
"x325571304","x1103002319342440448","2019-03-05 18:40:20","Team discovers protein, lipid connection that could aid new influenza therapies https://t.co/EdcIxLb12f","EINH1N1News","Washington, D.C.","-77.0368707","38.9071923","washington"
"x204894978","x1101251911918018560","2019-02-28 22:44:50","Officially have the flu and very excited to see if I’m about to get fired for not wanting to spread influenza to the entire mall stay tuned","kreest_uh","Philadelphia, PA","-75.1652215","39.9525839","pennsylvania"
"x716648365","x1103419665244712962","2019-03-06 22:18:43","More teens and young adults die from suicide than from heart disease, AIDS, birth defects, pneumonia, influenza, cancer, and lung disease combined.","UHPClubTIA","Bronx","-73.8648268","40.8447819","new york"
"x16616061","x1103296690247876608","2019-03-06 14:10:03","The latest CDC #FluView shows that the proportion of H3N2 viruses continues to increase and, for the most recent week, accounts for slightly more than half of influenza A viruses tested.

More: https://t.co/vjHa8oGb4J https://t.co/82zigF7rxC","CDCFlu","Atlanta, GA","-84.3879824","33.7489954","georgia"
"x873267254808395776","x1103414115198918656","2019-03-06 21:56:40","@trumpencexual @RyanJamesMorrel @steph93065 @Diabolic600 @Melissamoo @realDonaldTrump @GOP @RandPaul Obama declared 12-13 national emergencies. One regarding H1N1 influenza, and the rest were sanctions against criminal entities and rogue states.","RealJHMartin","Fresno, CA","-119.7871247","36.7377981","california"
"x183109619","x1103409778368413697","2019-03-06 21:39:26","During the #PASenate #PABudget hearing with @PAAgriculture Secretary Redding I asked about personnel available for agricultural preparedness and response efforts, including for avian influenza and Spotted Lantern Fly.... https://t.co/yM3fdl5tFi","ScottFMartin","Lancaster County, PA","-76.1783739","40.0466571","pennsylvania"
"x83921083","x1103409626232500225","2019-03-06 21:38:49","Super interesting, I will definitely want to see when the pale rider #influenza hit #Wisconsin https://t.co/Tc6b3xTzZi","lampsmith","Madison, WI","-89.4012302","43.0730517","wisconsin"
"x15535860","x1103409303636111360","2019-03-06 21:37:32","Flu season isn’t over just yet: a spike in reported influenza cases have set a new high for weekly totals this season in San Diego County, health officials confirmed. https://t.co/As35iQcOtR","nbcsandiego","San Diego, CA","-117.1610838","32.715738","california"
"x1008782303726796802","x1103409154411163665","2019-03-06 21:36:57","Due to high levels of influenza A in the parish, we'll be temp. suspending distribution of the chalice (precious blood) at all Masses until the flu passes. This is a common safety/health procedure taken by parishes nationwide &amp; comes w/ the support of the Diocesan Worship Office.","sfawdm","West Des Moines, IA","-93.7593841","41.5638902","iowa"
"x44675315","x1101237106570158080","2019-02-28 21:46:00","After @WHO elected to delay their selection on the influenza A (H3N2) strain for the 2019-2020 influenza vaccine until March 21, citing the need for more time to review data, the question remains whether this will impact the @FDA selection https://t.co/qFGiCmwdEw #ACIP","famfightflu","Arlington, VA","-77.0909809","38.8816208","virginia"
"x44675315","x1102651371952762882","2019-03-04 19:25:48","Flu activity remains elevated. The proportion of H3N2 viruses continues to increase and now accounts for slightly more than half of influenza A viruses reported to @CDCFlu. Elevated activity is expected to continue for the next several weeks. https://t.co/kTwxyoXpRs #fightflu https://t.co/y6RcNRB6gb","famfightflu","Arlington, VA","-77.0909809","38.8816208","virginia"
"x2183323887","x1103405437225967616","2019-03-06 21:22:11","@philiphere Umm..no.  “According to most of the authors, more randomized controlled trials with effective, large populations are needed to explore the preventive effect of vitamin D supplementation on viral influenza infections.” https://t.co/rBzYTrfNZ4","doctorMarkyMark","Atlanta, GA","-84.3879824","33.7489954","georgia"
"x808872298296016896","x1103181932857315328","2019-03-06 06:34:03","@DogginTrump @realDonaldTrump I’m sure snorting Adderall will do it too! Im only up because I’ve got influenza and can’t sleep because I’m pretty sure I’m dying!<f0><U+009F><U+0098><U+00B7><f0><U+009F><U+0098><U+00A9>","Lilyroseviolet9","Philadelphia, PA","-75.1652215","39.9525839","pennsylvania"
"x808872298296016896","x1103401916988616713","2019-03-06 21:08:11","@RandyRainbow Love you Randy Rainbow! <f0><U+009F><U+008C><U+0088> 
Watching your videos over and over is helping me get through influenza!","Lilyroseviolet9","Philadelphia, PA","-75.1652215","39.9525839","pennsylvania"
"x424664120","x1103351468982235137","2019-03-06 17:47:44","Did your doctor tell you the #FluShot INCREASES respiratory issues 4.4 times?

#STUDY:  Increased Risk of Noninfluenza Respiratory Virus Infections Associated with Receipt of Inactivated #Influenza #Vaccine

https://t.co/kYIpEjYcnf

#LearnTheRisk #VaccineSafety #FluVaccine #Flu https://t.co/EJXSM67CwC","ViraBurnayeva","NoVA, USA","-122.788377","45.4604","oregon"
"x2362069076","x1103398658588975104","2019-03-06 20:55:15","Bad year for influenza https://t.co/PW5QnAntLw","DocOlmstead","Apopka","-81.5322149","28.6934076","florida"
"x707116552340905984","x1103395011880603649","2019-03-06 20:40:45","influenza a is spreading like wildfire right now so please for the love of god cover your mouth when you cough, wash your hands and stay in your house if you have flu symptoms. it’s also not too late to get your flu shot <U+270C><f0><U+009F><U+008F><U+00BB>","keelyclove","somewhere in colorado","-105.231518","38.4318312","colorado"
"x857589911511281664","x1102581145944903680","2019-03-04 14:46:44","@LisaPenney @JanePowers1 @RobertKennedyJr Those “not” serious diseases you speak about? Pertussis,pneumococcus, h influenza b? I’m a #pediatrician and I’ve witnessed kids die and sustain brain damage from those. HPV kills young women via cervical cancer. We don’t take death lightly. That’s why #WeVaccinate.","MAhealthforkids","Massachusetts, USA","-71.3824374","42.4072107","massachusetts"
"x60916079","x1103390993146150912","2019-03-06 20:24:47","@Rechanmole Funniest answer: influenza virii. Become trillions, infect everyone. Grosses answer: humpback whale. You'd be only about 180 pounds worth of whale, or 0.04% of a whale. Eww.","AxiomAxiom","New York","-74.0059728","40.7127753","new york"
"x745441932","x1103389815138119685","2019-03-06 20:20:06","It's not too late to get a #flu vaccine. @CDCgov recommends flu vaccination as long as influenza viruses are circulating. #FightFlu https://t.co/MpcJf5fove","SedgwickCounty","Sedgwick County, Kansas","-97.5247243","37.6537367","kansas"
"x25349404","x1102690340132274176","2019-03-04 22:00:38","Researcher Bao-Zhong Wang is fighting #influenza #TheStateWay. He's received a $3.86 million federal grant to develop a universal #flu vaccine that will protect against any strain of the virus. https://t.co/rFIv5JR4bN https://t.co/vAFbu6QnGx","GSU_Research","Atlanta, Georgia USA","-84.3879824","33.7489954","georgia"
"x95756080","x1103380961390223360","2019-03-06 19:44:55","North and South Korea team up https://t.co/tZuR0DS1dz ...if border restrictions are lifted, the viral infections, such as influenza, that are more common in South Korea will start to hit especially hard in North Korea, where immunity is low and suppressed by malnutrition... https://t.co/B2pSwIzdHa","microRNApro","Northern Georgia","-84.2645382","33.5561144","georgia"
"x95756080","x1102797288051752960","2019-03-05 05:05:37","@doritmi @kevinfolta @meredithwadman Koel et al (2013) showed why the influenza vaccine was not effective in the short term. ""...major antigenic change can be caused by single amino acid substitutions."" See: https://t.co/s7K804jVh7","microRNApro","Northern Georgia","-84.2645382","33.5561144","georgia"
"x906249252741029889","x1103379724573835267","2019-03-06 19:40:00","Researchers @mldcmu @scsatcmu are using artificial intelligence to make a better flu vaccine https://t.co/a7ZDZNPqNC - Delphi's Research Group is using machine learning to forecast the spread of influenza by training an algorithm on data gathered from many sources. #ml #ai","mldcmu","Pittsburgh, PA","-79.98068965","40.4313888","pennsylvania"
"x18133094","x1103372242040381442","2019-03-06 19:10:16","Full on influenza....at least I can be buried in my family cemetery now","pblev","Los Angeles, CA","-89.78426","39.0141681","illinois"
"x243905708","x1103370280687284224","2019-03-06 19:02:29","Two middle fingers to #influenzaA. I got the ##flu shot too. <f0><U+009F><U+0098><U+00B7>","Madhatta34","Massachusetts, USA","-71.3824374","42.4072107","massachusetts"
"x36214885","x1103369661578727428","2019-03-06 19:00:01","The inpatient setting remains a prominent missed opportunity to administer the influenza vaccination, and closing this care gap is a reasonable strategy to reduce the morbidity and mortality related to influenza.
https://t.co/5pRs1exIqT https://t.co/eTGO0yo2oM","MayoProceedings","Rochester, MN","-92.4801989","44.0121221","minnesota"
"x189493675","x1103366230868717568","2019-03-06 18:46:23","@RepValDemings @HouseGVP 60,000 Americans die each year from influenza (80,000) last season, yet the vaccine is optional.

48,000 commit suicide each year but you only talk about the half that use guns.

33,000 die in auto accidents yet collision avoidance/mitagation systems aren't required. Neither are","merrrd","Richmond, KY","-84.2946539","37.7478572","kentucky"
"x817511155","x1103367204781916160","2019-03-06 18:50:15","Have you accessed our free for day paper? 'Evidence of equine influenza A (H3N8) activity in horses from Eastern and Central Saudi Arabia: 2013<U+0096>2105' https://t.co/CbalXBcTFi https://t.co/4M0UQmORJA","EVJltd","Newmarket","-70.9350382","43.0828551","new hampshire"
"x817511155","x1103277843885289472","2019-03-06 12:55:10","Don't forget 'Evidence of equine influenza A (H3N8) activity in horses from Eastern and Central Saudi Arabia: 2013<U+0096>2105' is our free paper of the day. Access it here https://t.co/OID4Tgv8Ul https://t.co/rKqpsNbCHW","EVJltd","Newmarket","-70.9350382","43.0828551","new hampshire"
"x817511155","x1103193525892587520","2019-03-06 07:20:07","Free for the day: Evidence of equine influenza A (H3N8) activity in horses from Eastern and Central Saudi Arabia: 2013<U+0096>2105 https://t.co/8iQzeGO7pn https://t.co/3zL0hyzbnh","EVJltd","Newmarket","-70.9350382","43.0828551","new hampshire"
"x99177764","x1103365918791479296","2019-03-06 18:45:09","After a slow start, the #flu season in #SanDiego is now looking like one of the worst in terms of total cases in the last 10 years, second only to last year's monster season. This chart, showing the current season in red, is from the latest #influenza report from @SDCountyHHSA https://t.co/xNRMPgQuHa","KeithDarce","San Diego, Ca.","-117.1610838","32.715738","california"
"x1328399958","x1103365413419827202","2019-03-06 18:43:08","My daughter's been home sick her 3rd day in a row with influenza :( she gets sick more than I ever did and more than almost anyone I know. Such a helpless feeling I just want her to get better. Ugh.","shadybrady224","St Paul, MN","-93.0899578","44.9537029","minnesota"
"x955925072375701504","x1101316539653984258","2019-03-01 03:01:39","This is ALREADY interesting.  93% of vapers have less colds and influenza.","ChaunceyGardner","New York, NY","-74.0059728","40.7127753","new york"
"x955925072375701504","x1101314068881858562","2019-03-01 02:51:50","2 days left.  So far, 94% of ex-smokers who switched to vaping say they have less colds &amp; flu.  72% say ""way down.""  Consistent with @FDATobacco's odd %-of-% public risk messaging, 72% of 94% = 77% who's colds &amp; influenza are ""way down.""  Interesting research question. https://t.co/J8EXKr9tbV","ChaunceyGardner","New York, NY","-74.0059728","40.7127753","new york"
"x27648427","x1101142513459576833","2019-02-28 15:30:08","A reformulated lateral flow #influenza assay from @AbbottNews has been CLIA-waived by the FDA for use with the company’s camera-based Digival #diagnostic test reader: https://t.co/wyy9VvjaWl","IDinChildren","Thorofare, NJ","-75.1969346","39.8422093","new jersey"
"x27648427","x1103350830391013376","2019-03-06 17:45:11","ICYMI: FDA CLIA-waives BinaxNOW #influenza rapid test 
https://t.co/bao9JJ4S9T @AbbottNews #Flu #FluTest","IDinChildren","Thorofare, NJ","-75.1969346","39.8422093","new jersey"
"x1486945806","x1103346213729062915","2019-03-06 17:26:51","@parasiteecology Chimps severely threatened by human anthroponoses: 
including metapneumovirus, influenza, and measles
https://t.co/AB65eRL9uD
https://t.co/Nk1ifNbWF4
https://t.co/bo11jOHuu1","AndrewALover","Amherst, MA","-72.5198537","42.3732216","massachusetts"
"x2471333316","x1103340651322769408","2019-03-06 17:04:45","Just got exposed to influenza, time to find how how good my vaccine response is.","JoeyDiZoglio","Providence, RI","-71.4128343","41.8239891","rhode island"
"x67008915","x1103340400826298369","2019-03-06 17:03:45","The @US_FDA has accepted a supplemental new drug application for Xofluza to treat patients at high-risk for complications from influenza, @genentech announced today. The company said a decision is expected by Nov. 4. https://t.co/BeB2BtxQlR","InfectDisNews","Thorofare, NJ","-75.1969346","39.8422093","new jersey"
"x431715359","x1103339307299995648","2019-03-06 16:59:24","@dr_zenitram @mormo_music @ProAntiVaxxer @pepsiholic1990 @HenkelGus Similarly prevention of transmission doesn’t occur with all vaccines; diptheria, whooping cough, polio, influenza and tetanus vaccines have no effect on transmission and thus no effect on “herd” immunity.","RichidsCoulter","San Diego, CA","-117.1610838","32.715738","california"
"x2826454332","x1103338362172329984","2019-03-06 16:55:39","Our next #globalhealth security seminar is on Fri, March 15 and will feat. Ellie Graeden discussing data visualization and decision support for informing #influenza response

@GlobalGtown @TalusAnalytics 

RSVP: https://t.co/nbJ7pYSqEz","georgetown_ghss","Washington DC","-77.0368707","38.9071923","washington"
"x1709921082","x1103336826054553600","2019-03-06 16:49:32","@toy_man2 I’m trying influenza is going around I keep cleaning every surface at work it’s so nasty <f0><U+009F><U+0098><U+00B7>","devotedfriend72","New England","-70.8226541","43.9653889","maine"
"x2894174169","x1103336785889894401","2019-03-06 16:49:23","Equine influenza isn't usually fatal, but it is highly contagious. To protect your horse from an outbreak, here's what you need to know:

&gt; The most common symptom is a fever. If your horse spends a... https://t.co/bO5UsjXXep","nwvetstanwood","Stanwood WA","-122.3706837","48.2410895","washington"
"x767120828873846784","x1103332345590042624","2019-03-06 16:31:44","@androidbtss This post gave me influenza  <f0><U+009F><U+00A4><U+0092>","Crims0nBlade","Denver, CO","-104.990251","39.7392358","colorado"
"x976214855265927168","x1102600039971594240","2019-03-04 16:01:49","This week's #Meet3iMonday spotlight is Dr. Andrew Pavia (@AndrewPaviaMD). Dr. Pavia is the Division Chief of Infectious Disease for @UofUPediatrics and has research interests in epidemiology, #influenza, and #diarrheal disease. #epitwitter #AcademicTwitter https://t.co/tuC6dfGpNU https://t.co/0hr38Msz16","UofU3i","Salt Lake City, UT","-111.8910474","40.7607793","utah"
"x976214855265927168","x1102965841577037825","2019-03-05 16:15:23","#TeamScience Tuesday highlights a key 3i lead collaborator: Dr. Andrew Pavia (@AndrewPaviaMD). Among his many collabs is cross-dept. group focused on understanding protection of infants from  #influenza. This team includes faculty from Peds, OB/GYN, Pathology, and Human Genetics. https://t.co/CDEPiz0xDy","UofU3i","Salt Lake City, UT","-111.8910474","40.7607793","utah"
"x976214855265927168","x1103332104971186176","2019-03-06 16:30:47","#WisdomWednesday this week focuses on updated clinical practice guidelines for seasonal #influenza by @IDSAInfo.  Dr. Andrew Pavia (@AndrewPaviaMD) led this effort as the Co-Chair, of IDSA's Influenza Treatment Guidelines Panel.  https://t.co/AJwbZStZet https://t.co/UGQqyWHQMN","UofU3i","Salt Lake City, UT","-111.8910474","40.7607793","utah"
"x31164769","x1103330692023418880","2019-03-06 16:25:10","According to a new study, the most important factor for influenza A virus diversity and prevalence in wild mammals is a diet containing birds. https://t.co/ioYVnKvAt1 https://t.co/OgbPrvPYaF","biocompare","South San Francisco, CA","-122.4077498","37.654656","california"
"x1013815097192566784","x1102597705073856512","2019-03-04 15:52:32","I hope no one gets sick, having influenza really sucks...","RiveraDaniel_95","","-95.4464865","29.8384948","texas"
"x1013815097192566784","x1102987483363590144","2019-03-05 17:41:23","I almost got rushed to the ER last night, I do not wish influenza upon anyone.","RiveraDaniel_95","","-95.4464865","29.8384948","texas"
"x351062350","x1103326052678619139","2019-03-06 16:06:44","@asianbabygamer @bryannasoriano_ @amaliaqn The itsy bitsy seasonal influenza","_winterfel","Vermont","-72.5778415","44.5588028","vermont"
"x2961558673","x1103324708915822593","2019-03-06 16:01:24","An influenza #vaccine cannot cause a #pregnant woman to miscarry, researchers say. https://t.co/hhs3KMJOF3","LABestBabies","Los Angeles, California","-118.2436849","34.0522342","california"
"x1042954672619831296","x1103324635007991814","2019-03-06 16:01:06","@Boogadies Last week I got influenza on Wednesday and had to stay in home.
I felt horrible, but I could watch the episode as soon as it came out, it was really nice. https://t.co/K8gKRcb6Z4","megalomaniac_v","Guanajuato, México","-122.6252431","45.5049376","oregon"
"x1573452950","x1103321025817780224","2019-03-06 15:46:45","@CoyneoftheRealm Or anything else. Some of the healthiest people I know died after acute onset of illnesses ranging from influenza to cancer. Non-smokers get lung cancer. Apparent risk reduction <U+2260> total protection.","dawso007","Minnesota","-94.6858998","46.729553","minnesota"
"x17537826","x1103319260426719232","2019-03-06 15:39:45","Don’t be fooled by that new #oseltamivir study, says @Runde_MC. #Tamiflu is still pretty worthless for H1N1. https://t.co/9D0L6wgVFT #AheadofPrint @IDSAinfo #influenza #flu #themoreyouknow #chickensoupinstead https://t.co/3xFmozHZaa","EMNews","New York, NY","-74.0059728","40.7127753","new york"
"x151180047","x1103318327773052929","2019-03-06 15:36:02","From @NPRGoatsandSoda: When conducting a study on how the typhoid oral vaccine affected the gut, researchers noticed that the vaccine also triggered a protective response against influenza: https://t.co/bPfxivPGML https://t.co/0RzeVfp6TG","KUNRPublicRadio","Reno, NV","-119.8138027","39.5296329","nevada"
"x23939188","x1103316564722548736","2019-03-06 15:29:02","The @US_FDA accepts Genentech’s supplemental new drug application for Xofluza (baloxavir marboxil) for the treatment of influenza in people at high risk of complications -- this includes people with #asthma and #COPD. https://t.co/CIq066bc01","AllergyAsthmaHQ","Vienna, VA","-77.2652604","38.9012225","virginia"
"x117793973","x1103314577775882240","2019-03-06 15:21:08","Influenza activity remains the same since last week in the District for Week 8 (February 17, 2019 – February 23, 2019). Read the latest influenza surveillance report here: https://t.co/ggGDFgQsBF https://t.co/Ro0azCO5Q7","_DCHealth","District of Columbia","-77.0368707","38.9071923","washington"
"x113481149","x1101110276697538562","2019-02-28 13:22:02","I'll do this in 2 sentences. It is better to understand #influenza (or other) virus pathogenesis than to not understand influenza (or other) virus pathogenesis. USG has spent billions in building the best BSL-3/4 labs in the world. Use them. #globalhealth https://t.co/shpd2uILFG","ldpsci","Maryland","-76.6412712","39.0457549","maryland"
"x113481149","x1103309869896134658","2019-03-06 15:02:26","This article should be referenced regarding the #influenza research debate and in every #biosafety meeting. 
https://t.co/1fzQMOhI4e","ldpsci","Maryland","-76.6412712","39.0457549","maryland"
"x113481149","x1101062408683036672","2019-02-28 10:11:49","1. People do know about it. 2. Far more dangerous to be ignorant and not do studies. 3. Bio security is more advanced than its ever been. 4. The authors have been irrationally opposed to this research and continue to beat a dead horse. #influenza https://t.co/cLwqNPz6sn","ldpsci","Maryland","-76.6412712","39.0457549","maryland"
"x3227563873","x1103309126141128705","2019-03-06 14:59:28","@DrLuisO Implementation of voluntary vaccine recommendations (e.g. influenza, HPV, people who are not in schools or jobs that require it) is an understudied area. You and your patients are paying the price for that","ShohamTxID","Baltimore, MD","-76.6121893","39.2903848","maryland"
"x3227563873","x1101316653902630913","2019-03-01 03:02:06","""Over 90% of respondents would accept an organ other than a lung from a donor with influenza on treatment""
Use of organs from donors with bloodstream infection, pneumonia, and influenza: Results of a survey of infectious diseases practitioners. Mehta et al. Tranpl Infect Dis 2017","ShohamTxID","Baltimore, MD","-76.6121893","39.2903848","maryland"
"x3341331351","x1101952923767058432","2019-03-02 21:10:24","was sick, then I was sad and sick, then I was just sad, and now I have actual influenza A <f0><U+009F><U+00A4><U+0092>","mmfbunny","Orlando, FL","-81.3792365","28.5383355","florida"
"x741711336636317697","x1103301411679412231","2019-03-06 14:28:49","Watching FDA VRBPAC 2019-2020 influenza vaccine composition meeting webcast with my buddy at home this morning... https://t.co/KmOzAAwX4a","SCOTTeHENSLEY","Philadelphia, PA","-75.1652215","39.9525839","pennsylvania"
"x132928701","x1101128903110918144","2019-02-28 14:36:03","Wondering what #fluseason is looking like in Clay County so far? Check out the latest weekly report! So far this season, we've had 424 reported cases of influenza. https://t.co/ThWaKveOaI","claymohealth","Liberty, Missouri","-94.4191177","39.2461138","missouri"
"x78787819","x1103303108187295745","2019-03-06 14:35:34","Columbus, Ohio for another influenza surveillance conference. Presentation is done! <f0><U+009F><U+0098><U+008A> https://t.co/VXZe9IDtN0","jennifer10010","here, there, everywhere ","-82.9975923831896","39.9600010229456","ohio"
"x759232667921637376","x1103287574058188800","2019-03-06 13:33:50","@realDonaldTrump Yea.... have a houseful of Type A influenza, my other half is a Navy Vet. He Called the veteran hospital to make appt yesterday and was told him they don't have one available and to call back another day. Seriously...Viera Veteran Hospital in Melbourne Florida. Wth ?? #vetsfirst","Tigerwolf143","Palm Bay, Florida","-80.5886646","28.0344621","florida"
"x1078094414","x1103281061994348544","2019-03-06 13:07:57","This isn’t the first disease outbreak among the migrants. As reported by KFOX in El Paso in January “We’re seeing, chicken pox, different strands of influenza, syphilis, scabies. This is something that we see with the illegal aliens and we have to provide treatment for them,","usacsmret","Near Charlotte, NC","-80.8431267","35.2270869","north carolina"
"x15431914","x1101132421762818048","2019-02-28 14:50:02","The week ending Feb. 23 added more than 8,000 laboratory-confirmed influenza cases to the books and 10 more adult deaths, according to the Pennsylvania Health Department’s weekly #flu update.  https://t.co/WiH3qIEleo","mcall","Allentown, PA","-75.4714098","40.6022939","pennsylvania"
"x130227647","x1103279467756208134","2019-03-06 13:01:37","How are you currently screening &amp; treating influenza? Participate in ""Treating Influenza: Where We’ve Been and Where We’re Going"" at #IM2019 on 4/9 to learn more &amp; to earn free #CME!  --&gt; https://t.co/WjHS4qXZId https://t.co/Qqf9Nw6adG","VindicoMedEd","Thorofare, NJ","-75.1969346","39.8422093","new jersey"
"x130227647","x1101618346808823808","2019-03-01 23:00:55","We will be in Philadelphia on April 9th for #IM2019! Please join us at the @PAConvention for our CME-certified lunch symposium to learn more about treating patients with influenza. Click the link for more info &amp; to register--&gt; https://t.co/WjHS4qXZId https://t.co/GCYyy25cI8","VindicoMedEd","Thorofare, NJ","-75.1969346","39.8422093","new jersey"
"x130227647","x1102312875379568640","2019-03-03 21:00:44","We hope to see you in Philadelphia on April 9th at #IM2019! Review topics that include the safety &amp; efficacy of new &amp; emerging therapies for influenza. Learn more about the program &amp; register at &gt;&gt;  https://t.co/WjHS4qXZId https://t.co/Gi7Ci4SByG","VindicoMedEd","Thorofare, NJ","-75.1969346","39.8422093","new jersey"
"x47798025","x1103279089157328896","2019-03-06 13:00:07","A 2014 meta-analysis noted REDUCED MORTALITY when #influenza is treated within 2 days of the onset of symptoms. #EBMedicine #emergencymedicine https://t.co/xbcbXw2hO1","EBmedicine","Norcross, GA","-84.2135309","33.9412127","georgia"
"x47798025","x1102916687857418241","2019-03-05 13:00:04","Chemoprophylaxis for #influenza? It is indicated in certain cases. The December issue of #EMpractice covers this treatment and many others. #EBMedicine https://t.co/BSdDWfalP0","EBmedicine","Norcross, GA","-84.2135309","33.9412127","georgia"
"x47798025","x1102286267398737920","2019-03-03 19:15:00","16. The different treatments for #influenza are summarized in the December issue of #EMpractice. #EBMedicine Source: https://t.co/bwEz2iMg4O https://t.co/sgvtkgU5sz","EBmedicine","Norcross, GA","-84.2135309","33.9412127","georgia"
"x47798025","x1102256109237215232","2019-03-03 17:15:10","#FluSeason is upon us...make sure you know the complications associated with influenza, described in detail in the December issue of #EMpractice. #EBMedicine https://t.co/dNn9UQvqbP","EBmedicine","Norcross, GA","-84.2135309","33.9412127","georgia"
"x19013504","x1103277592923303937","2019-03-06 12:54:10","CSCS students in the Zombie Seminar heard from expert epidemiologist Hon Ip of the USGS National Wildlife Health Center about disease transmission, particularly human and avian influenza, last week. Great opportunity and another example of what makes CSDS unique.","mcpasd","Middleton, WI","-89.5042876","43.0972174","wisconsin"
"x1253135983","x1102706969176096768","2019-03-04 23:06:43","I’d rather have a 7 day straight hangover than this influenza any time <f0><U+009F><U+0098><U+00AD><f0><U+009F><U+0098><U+00AD><f0><U+009F><U+0098><U+00AD>","wisedwhitney","Sarahsville","-82.66946745","40.3651595","ohio"
"x737401622272352256","x1103263758850408453","2019-03-06 11:59:12","@spacemuttslut daddy influenza <f0><U+009F><U+0092><U+0096><f0><U+009F><U+0092><U+0096>","sushispaniel","Pennsylvania, USA","-77.1945247","41.2033216","pennsylvania"
"x4845935485","x1103258180878909441","2019-03-06 11:37:02","Lectin microarray analyses reveal host cell-specific glycan profiles of the hemagglutinins of influenza A viruses. https://t.co/HgA9ezNGu1","host_microbe","Davis, CA","-121.7405167","38.5449065","california"
"x873535798066499586","x1101639174849994752","2019-03-02 00:23:41","@aprillynnclark @mcfunny @thereal_truther @Joshua1_5 @viva__lala @ghoppe @ChrisJohnsonMD @weaponizedword1 @ArcaneKnowledge @GrumFromNorwich @GeoffSchuler @AlexMurdoch7 @LaughlandMorgan @Just4TheCause @Plasticdoe @Boxmenot @t3tragrammat0n @Henjam48 @rugbyrhino16 @elle_franks @lawnatural @doritmi @seaglass34 @StopVaxxedLies @BlueLionBlog @TioChango_ @itsmepanda1 @toppediatrician @mimetic_ @RebeccaLardner @DansMonkeyShack @DocMElliott @VeritasEver @PileOfGoop @mmelgar09 @alc_anthro @WendyOrent @TPRMaynard7 @EmmaGPaley @asiamoonbloom @mrlepus @urbanx_f @kidoctr @Melissa62263619 @cantab_biker @JHowardBrainMD @dkegel @onelessdeceived @kenjaques @TonyBaduy They are grades 7-12. Droplet transmission is 3-5 feet, and other droplet bugs like influenza, rhino, and RSV spread in non-residential schools, so it doesn't have to be dorms.","TakeThatCDC","Atlanta, GA","-84.3879824","33.7489954","georgia"
"x873535798066499586","x1102687293398306816","2019-03-04 21:48:32","@PackMama92 @mimetic_ @Plasticdoe @brian_abramson @pistrix @chrissy_goss @Boxmenot @TsuDhoNimh @Melissa62263619 @EmmaGPaley @AlexMurdoch7 @LaughlandMorgan @Just4TheCause @t3tragrammat0n @Henjam48 @rugbyrhino16 @elle_franks @GrumFromNorwich @lawnatural @thereal_truther @doritmi @seaglass34 @StopVaxxedLies @BlueLionBlog @TioChango_ @ChrisJohnsonMD @itsmepanda1 @toppediatrician @Joshua1_5 @GeoffSchuler @RebeccaLardner @DansMonkeyShack @DocMElliott @VeritasEver @PileOfGoop @mmelgar09 @ghoppe @alc_anthro @weaponizedword1 @viva__lala @WendyOrent @mcfunny @TPRMaynard7 @asiamoonbloom @mrlepus @urbanx_f @kidoctr @cantab_biker @JHowardBrainMD @dkegel There is no vaccine for adenoviruses.
There is no vaccine for parainfluenzaviruses.
There is an EXCELLENT vaccine for Haemophilus influenzae type B.
There is no vaccine for H flu type F or non-typable H flu.
There is such a thing as influenza vaccination, believe it or not.","TakeThatCDC","Atlanta, GA","-84.3879824","33.7489954","georgia"
"x873535798066499586","x1102685755187650561","2019-03-04 21:42:25","@PackMama92 @mimetic_ @Plasticdoe @brian_abramson @pistrix @chrissy_goss @Boxmenot @TsuDhoNimh @Melissa62263619 @EmmaGPaley @AlexMurdoch7 @LaughlandMorgan @Just4TheCause @t3tragrammat0n @Henjam48 @rugbyrhino16 @elle_franks @GrumFromNorwich @lawnatural @thereal_truther @doritmi @seaglass34 @StopVaxxedLies @BlueLionBlog @TioChango_ @ChrisJohnsonMD @itsmepanda1 @toppediatrician @Joshua1_5 @GeoffSchuler @RebeccaLardner @DansMonkeyShack @DocMElliott @VeritasEver @PileOfGoop @mmelgar09 @ghoppe @alc_anthro @weaponizedword1 @viva__lala @WendyOrent @mcfunny @TPRMaynard7 @asiamoonbloom @mrlepus @urbanx_f @kidoctr @cantab_biker @JHowardBrainMD @dkegel Here are some fun facts for all you amateur virologists:
(1) Adenovirus does NOT cause influenza
(2) Parainfluenza virus does NOT cause influenza
(3) Haemophilus influenzae does NOT cause influenza
(4) Influenza virus DOES cause influenza","TakeThatCDC","Atlanta, GA","-84.3879824","33.7489954","georgia"
"x873535798066499586","x1101537410746408963","2019-03-01 17:39:18","@itsmepanda1 @BlueLionBlog @mmelgar09 @thereal_truther @ChrisJohnsonMD @weaponizedword1 @ArcaneKnowledge @GrumFromNorwich @mcfunny @GeoffSchuler @AlexMurdoch7 @LaughlandMorgan @Just4TheCause @Plasticdoe @Boxmenot @t3tragrammat0n @Henjam48 @rugbyrhino16 @elle_franks @lawnatural @doritmi @seaglass34 @StopVaxxedLies @TioChango_ @toppediatrician @mimetic_ @Joshua1_5 @RebeccaLardner @DansMonkeyShack @DocMElliott @VeritasEver @PileOfGoop @ghoppe @alc_anthro @viva__lala @WendyOrent @TPRMaynard7 @EmmaGPaley @asiamoonbloom @mrlepus @urbanx_f @kidoctr @Melissa62263619 @cantab_biker @JHowardBrainMD @dkegel @onelessdeceived @kenjaques @TonyBaduy @prof_brunt The incentive is not having pregnant women on ventilators or dead due to influenza.

https://t.co/Icc2xJrogc","TakeThatCDC","Atlanta, GA","-84.3879824","33.7489954","georgia"
"x873535798066499586","x1101239124240027648","2019-02-28 21:54:01","@itsmepanda1 @Boxmenot @ArcaneKnowledge @GrumFromNorwich @mcfunny @AlexMurdoch7 @LaughlandMorgan @Just4TheCause @Plasticdoe @t3tragrammat0n @Henjam48 @rugbyrhino16 @elle_franks @lawnatural @thereal_truther @doritmi @seaglass34 @StopVaxxedLies @BlueLionBlog @TioChango_ @ChrisJohnsonMD @toppediatrician @mimetic_ @Joshua1_5 @GeoffSchuler @RebeccaLardner @DansMonkeyShack @DocMElliott @VeritasEver @PileOfGoop @mmelgar09 @ghoppe @alc_anthro @weaponizedword1 @viva__lala @WendyOrent @TPRMaynard7 @EmmaGPaley @asiamoonbloom @mrlepus @urbanx_f @kidoctr @Melissa62263619 @cantab_biker @JHowardBrainMD @dkegel @onelessdeceived @kenjaques @TonyBaduy @prof_brunt It doesn't matter. You cannot give someone influenza from it.","TakeThatCDC","Atlanta, GA","-84.3879824","33.7489954","georgia"
"x873535798066499586","x1101247173373689857","2019-02-28 22:26:00","@itsmepanda1 @Boxmenot @ArcaneKnowledge @GrumFromNorwich @mcfunny @AlexMurdoch7 @LaughlandMorgan @Just4TheCause @Plasticdoe @t3tragrammat0n @Henjam48 @rugbyrhino16 @elle_franks @lawnatural @thereal_truther @doritmi @seaglass34 @StopVaxxedLies @BlueLionBlog @TioChango_ @ChrisJohnsonMD @toppediatrician @mimetic_ @Joshua1_5 @GeoffSchuler @RebeccaLardner @DansMonkeyShack @DocMElliott @VeritasEver @PileOfGoop @mmelgar09 @ghoppe @alc_anthro @weaponizedword1 @viva__lala @WendyOrent @TPRMaynard7 @EmmaGPaley @asiamoonbloom @mrlepus @urbanx_f @kidoctr @Melissa62263619 @cantab_biker @JHowardBrainMD @dkegel @onelessdeceived @kenjaques @TonyBaduy @prof_brunt ILI is a surveillance term for public health to approximate the number of influenza cases, since there isn't a good systematic way to capture confirmed influenza cases. ILI is not intended to be a clinical diagnosis for individual patients.","TakeThatCDC","Atlanta, GA","-84.3879824","33.7489954","georgia"
"x864359974134136832","x1103210018747240452","2019-03-06 08:25:39","Nighttime update: Positive for influenza. 

I made a scene when a stranger told me we wouldn't be here if I diffused eucalyptus oil for her (which is dangerous for ppl w/respiratory problems, btw). I AM DONE WITH PSEUDOSCIENCE. 

Vaccinate if you can. I beg you. #1in100","PleonasticKimma","San Francisco, CA","-122.4194155","37.7749295","california"
"x864359974134136832","x1102940441329033216","2019-03-05 14:34:27","Why do so many people not bother with yearly influenza vaccines? Is it because the onus is on you as an adult instead of something from childhood which took zero effort on your part? Is that what this is? Does this come down to laziness? Explain it to me, please. [2/9]","PleonasticKimma","San Francisco, CA","-122.4194155","37.7749295","california"
"x997925602261979137","x1103190916746149888","2019-03-06 07:09:45","@alorr4uz @LaurieBlackSD @thehill By one after birth month following the CDC's instructions, an infant will have been vaccinated for: Heb B, Diphtheria, tetanus, and whooping cough (pertussis) (DTaP)
Haemophilus influenza type b (Hib), Polio (IPV), Pneumococcal (PCV), Rotavirus (RV).","MAF_Productions","New Hampshire, USA","-71.5723953","43.1938516","new hampshire"
"x726824812883140608","x1103179003794542593","2019-03-06 06:22:25","@colfer36 @CarpenterElease @MSNBC What accounts for so many? Many immunizations require boosters. Some are newly developed (HPV). Some are predictive and require a “new” one yearly (influenza). The bogus autism link was all started by a BS study that was discredited. Yet still referenced by anti vaxers","therealToddRice","Pottstown, PA","-75.6496302","40.2453741","pennsylvania"
"x3318510966","x1102690368204599296","2019-03-04 22:00:45","New portal of entry for influenza viruses https://t.co/nDxckz7WJz","CrweWorld","Las Vegas, NV","-115.1398296","36.1699412","nevada"
"x776535521216442368","x1101250238470270977","2019-02-28 22:38:11","My Bible study leader, who I sat next to yesterday, just had her family test positive for influenza A. Awesome.","Jennifer_OHLITD","PNW, United States","-117.9847692","34.0340037","california"
"x15856058","x1101185203152871425","2019-02-28 18:19:46","@PattEsquire I’m saying cause bitch I feel like I caught the h1 N1 and and I only have influenza A/B but I’m lookin like that momo doll nbs <f0><U+009F><U+00A5><U+00B4>","tynishakeli","Earth ","-95.7243335","37.2321077","kansas"
"x714821290801045504","x1102601657609682944","2019-03-04 16:08:15","What's wrong with Walmart?? They expect you to go to work when you have influenza A! They dont accept Drs notes!","mandyssbc","Bethel, WA","-122.6300717","47.4941559","washington"
"x714821290801045504","x1102281791564505089","2019-03-03 18:57:13","Went to urgent care,  I was tested positive for influenza A! No work for me for 5 days!","mandyssbc","Bethel, WA","-122.6300717","47.4941559","washington"
"x714821290801045504","x1103149751049117696","2019-03-06 04:26:10","Day 3 with influenza A. Tamiflu works wonders! Not totally 100% better, but I'm feeling halfway better! — feeling better","mandyssbc","Bethel, WA","-122.6300717","47.4941559","washington"
